<?xml version="1.0" encoding="utf-8"?>
<!--/11389871/360544/2.50/66/2/Connector/-->
<quadcept_library>
  <setting unit="mil" />
  <textstyle name="Default" height="47.244094488189" strokewidth="7.8740157480315" charwidth="47.244094488189" />
  <textstyle name="Dimension" height="19.6850393700787" strokewidth="0" charwidth="19.6850393700787" />
  <textstyle name="H127W0635TH00762" height="50" strokewidth="3" charwidth="25" />
  <textstyle name="H15W15TH02" height="59.0551181102362" strokewidth="7.8740157480315" charwidth="59.0551181102362" />
  <padstyle name="r200_70" surface="True" plated="False" isvia="False" nopaste="False" nomask="True" complex="False" holesize="0">
    <padshape layer="TOP" shape="rectangle" width="27.55905511811" height="78.740157480314" />
    <padshape layer="TOP_SOLDER_MASK" shape="rectangle" width="35.433070866141" height="86.614173228345" />
    <padshape layer="TOP_SOLDER_PASTE" shape="rectangle" width="27.55905511811" height="78.740157480314" />
  </padstyle>
  <padstyle name="c60_h120" surface="False" plated="True" isvia="False" nopaste="True" nomask="True" complex="False" holesize="47.244094488188">
    <padshape layer="TOP" shape="round" width="23.622047244094" height="23.622047244094" />
    <padshape layer="TOP_SOLDER_MASK" shape="round" width="31.496062992126" height="31.496062992126" />
    <padshape layer="INNER" shape="round" width="23.622047244094" height="23.622047244094" />
    <padshape layer="BOTTOM" shape="round" width="23.622047244094" height="23.622047244094" />
    <padshape layer="BOTTOM_SOLDER_MASK" shape="round" width="31.496062992126" height="31.496062992126" />
  </padstyle>
  <padstyle name="r500_300" surface="True" plated="False" isvia="False" nopaste="False" nomask="True" complex="False" holesize="0">
    <padshape layer="TOP" shape="rectangle" width="118.11023622047" height="196.85039370078" />
    <padshape layer="TOP_SOLDER_MASK" shape="rectangle" width="125.9842519685" height="204.72440944882" />
    <padshape layer="TOP_SOLDER_PASTE" shape="rectangle" width="118.11023622047" height="196.85039370078" />
  </padstyle>
  <footprint name="423379396" originx="0" originy="0" pickpointx="0" pickpointy="0">
    <pcbpin number="1" name="A1" style="r200_70" originx="649.60629921259" originy="-141.73228346457" rotation="0" />
    <pcbpin number="2" name="A2" style="r200_70" originx="610.23622047243" originy="-141.73228346457" rotation="0" />
    <pcbpin number="3" name="A3" style="r200_70" originx="570.86614173228" originy="-141.73228346457" rotation="0" />
    <pcbpin number="4" name="A4" style="r200_70" originx="531.49606299212" originy="-141.73228346457" rotation="0" />
    <pcbpin number="5" name="A5" style="r200_70" originx="492.12598425196" originy="-141.73228346457" rotation="0" />
    <pcbpin number="6" name="A6" style="r200_70" originx="452.75590551181" originy="-141.73228346457" rotation="0" />
    <pcbpin number="7" name="A7" style="r200_70" originx="413.38582677165" originy="-141.73228346457" rotation="0" />
    <pcbpin number="8" name="A8" style="r200_70" originx="374.01574803149" originy="-141.73228346457" rotation="0" />
    <pcbpin number="9" name="A9" style="r200_70" originx="334.64566929133" originy="-141.73228346457" rotation="0" />
    <pcbpin number="10" name="A10" style="r200_70" originx="295.27559055118" originy="-141.73228346457" rotation="0" />
    <pcbpin number="11" name="A11" style="r200_70" originx="255.90551181102" originy="-141.73228346457" rotation="0" />
    <pcbpin number="12" name="A12" style="r200_70" originx="137.79527559055" originy="-141.73228346457" rotation="0" />
    <pcbpin number="13" name="A13" style="r200_70" originx="98.425196850392" originy="-141.73228346457" rotation="0" />
    <pcbpin number="14" name="A14" style="r200_70" originx="59.055118110235" originy="-141.73228346457" rotation="0" />
    <pcbpin number="15" name="A15" style="r200_70" originx="19.685039370078" originy="-141.73228346457" rotation="0" />
    <pcbpin number="16" name="A16" style="r200_70" originx="-19.685039370078" originy="-141.73228346457" rotation="0" />
    <pcbpin number="17" name="A17" style="r200_70" originx="-59.055118110235" originy="-141.73228346457" rotation="0" />
    <pcbpin number="18" name="A18" style="r200_70" originx="-98.425196850392" originy="-141.73228346457" rotation="0" />
    <pcbpin number="19" name="A19" style="r200_70" originx="-137.79527559055" originy="-141.73228346457" rotation="0" />
    <pcbpin number="20" name="A20" style="r200_70" originx="-177.16535433071" originy="-141.73228346457" rotation="0" />
    <pcbpin number="21" name="A21" style="r200_70" originx="-216.53543307086" originy="-141.73228346457" rotation="0" />
    <pcbpin number="22" name="A22" style="r200_70" originx="-255.90551181102" originy="-141.73228346457" rotation="0" />
    <pcbpin number="23" name="A23" style="r200_70" originx="-295.27559055118" originy="-141.73228346457" rotation="0" />
    <pcbpin number="24" name="A24" style="r200_70" originx="-334.64566929133" originy="-141.73228346457" rotation="0" />
    <pcbpin number="25" name="A25" style="r200_70" originx="-374.01574803149" originy="-141.73228346457" rotation="0" />
    <pcbpin number="26" name="A26" style="r200_70" originx="-413.38582677165" originy="-141.73228346457" rotation="0" />
    <pcbpin number="27" name="A27" style="r200_70" originx="-452.75590551181" originy="-141.73228346457" rotation="0" />
    <pcbpin number="28" name="A28" style="r200_70" originx="-492.12598425196" originy="-141.73228346457" rotation="0" />
    <pcbpin number="29" name="A29" style="r200_70" originx="-531.49606299212" originy="-141.73228346457" rotation="0" />
    <pcbpin number="30" name="A30" style="r200_70" originx="-570.86614173228" originy="-141.73228346457" rotation="0" />
    <pcbpin number="31" name="A31" style="r200_70" originx="-610.23622047243" originy="-141.73228346457" rotation="0" />
    <pcbpin number="32" name="A32" style="r200_70" originx="-649.60629921259" originy="-141.73228346457" rotation="0" />
    <pcbpin number="33" name="B1" style="r200_70" originx="649.60629921259" originy="141.73228346457" rotation="0" />
    <pcbpin number="34" name="B2" style="r200_70" originx="610.23622047243" originy="141.73228346457" rotation="0" />
    <pcbpin number="35" name="B3" style="r200_70" originx="570.86614173228" originy="141.73228346457" rotation="0" />
    <pcbpin number="36" name="B4" style="r200_70" originx="531.49606299212" originy="141.73228346457" rotation="0" />
    <pcbpin number="37" name="B5" style="r200_70" originx="492.12598425196" originy="141.73228346457" rotation="0" />
    <pcbpin number="38" name="B6" style="r200_70" originx="452.75590551181" originy="141.73228346457" rotation="0" />
    <pcbpin number="39" name="B7" style="r200_70" originx="413.38582677165" originy="141.73228346457" rotation="0" />
    <pcbpin number="40" name="B8" style="r200_70" originx="374.01574803149" originy="141.73228346457" rotation="0" />
    <pcbpin number="41" name="B9" style="r200_70" originx="334.64566929133" originy="141.73228346457" rotation="0" />
    <pcbpin number="42" name="B10" style="r200_70" originx="295.27559055118" originy="141.73228346457" rotation="0" />
    <pcbpin number="43" name="B11" style="r200_70" originx="255.90551181102" originy="141.73228346457" rotation="0" />
    <pcbpin number="44" name="B12" style="r200_70" originx="137.79527559055" originy="141.73228346457" rotation="0" />
    <pcbpin number="45" name="B13" style="r200_70" originx="98.425196850392" originy="141.73228346457" rotation="0" />
    <pcbpin number="46" name="B14" style="r200_70" originx="59.055118110235" originy="141.73228346457" rotation="0" />
    <pcbpin number="47" name="B15" style="r200_70" originx="19.685039370078" originy="141.73228346457" rotation="0" />
    <pcbpin number="48" name="B16" style="r200_70" originx="-19.685039370078" originy="141.73228346457" rotation="0" />
    <pcbpin number="49" name="B17" style="r200_70" originx="-59.055118110235" originy="141.73228346457" rotation="0" />
    <pcbpin number="50" name="B18" style="r200_70" originx="-98.425196850392" originy="141.73228346457" rotation="0" />
    <pcbpin number="51" name="B19" style="r200_70" originx="-137.79527559055" originy="141.73228346457" rotation="0" />
    <pcbpin number="52" name="B20" style="r200_70" originx="-177.16535433071" originy="141.73228346457" rotation="0" />
    <pcbpin number="53" name="B21" style="r200_70" originx="-216.53543307086" originy="141.73228346457" rotation="0" />
    <pcbpin number="54" name="B22" style="r200_70" originx="-255.90551181102" originy="141.73228346457" rotation="0" />
    <pcbpin number="55" name="B23" style="r200_70" originx="-295.27559055118" originy="141.73228346457" rotation="0" />
    <pcbpin number="56" name="B24" style="r200_70" originx="-334.64566929133" originy="141.73228346457" rotation="0" />
    <pcbpin number="57" name="B25" style="r200_70" originx="-374.01574803149" originy="141.73228346457" rotation="0" />
    <pcbpin number="58" name="B26" style="r200_70" originx="-413.38582677165" originy="141.73228346457" rotation="0" />
    <pcbpin number="59" name="B27" style="r200_70" originx="-452.75590551181" originy="141.73228346457" rotation="0" />
    <pcbpin number="60" name="B28" style="r200_70" originx="-492.12598425196" originy="141.73228346457" rotation="0" />
    <pcbpin number="61" name="B29" style="r200_70" originx="-531.49606299212" originy="141.73228346457" rotation="0" />
    <pcbpin number="62" name="B30" style="r200_70" originx="-570.86614173228" originy="141.73228346457" rotation="0" />
    <pcbpin number="63" name="B31" style="r200_70" originx="-610.23622047243" originy="141.73228346457" rotation="0" />
    <pcbpin number="64" name="B32" style="r200_70" originx="-649.60629921259" originy="141.73228346457" rotation="0" />
    <pcbpin number="65" name="MH1" style="c60_h120" originx="190.94488188976" originy="0" rotation="90" />
    <pcbpin number="66" name="MH3" style="c60_h120" originx="-720.47244094487" originy="0" rotation="90" />
    <pcbpin number="67" name="MP1" style="r500_300" originx="767.71653543306" originy="0" rotation="0" />
    <pcbpin number="68" name="MP2" style="r500_300" originx="-767.71653543306" originy="0" rotation="0" />
    <line layer="TOP_ASSEMBLY" originx="-767.71653543306" originy="-147.63779527559" endx="767.71653543306" endy="-147.63779527559" width="7.8740157480314" />
    <line layer="TOP_ASSEMBLY" originx="767.71653543306" originy="-147.63779527559" endx="767.71653543306" endy="147.63779527559" width="7.8740157480314" />
    <line layer="TOP_ASSEMBLY" originx="767.71653543306" originy="147.63779527559" endx="-767.71653543306" endy="147.63779527559" width="7.8740157480314" />
    <line layer="TOP_ASSEMBLY" originx="-767.71653543306" originy="147.63779527559" endx="-767.71653543306" endy="-147.63779527559" width="7.8740157480314" />
    <line layer="TOP_SILKSCREEN" originx="-767.71653543306" originy="118.11023622047" endx="-767.71653543306" endy="118.11023622047" width="3.9370078740157" />
    <line layer="TOP_SILKSCREEN" originx="-767.71653543306" originy="118.11023622047" endx="-767.71653543306" endy="147.63779527559" width="3.9370078740157" />
    <line layer="TOP_SILKSCREEN" originx="-767.71653543306" originy="147.63779527559" endx="-767.71653543306" endy="147.63779527559" width="3.9370078740157" />
    <line layer="TOP_SILKSCREEN" originx="-767.71653543306" originy="147.63779527559" endx="-767.71653543306" endy="118.11023622047" width="3.9370078740157" />
    <line layer="TOP_SILKSCREEN" originx="-767.71653543306" originy="-118.11023622047" endx="-767.71653543306" endy="-118.11023622047" width="3.9370078740157" />
    <line layer="TOP_SILKSCREEN" originx="-767.71653543306" originy="-118.11023622047" endx="-767.71653543306" endy="-147.63779527559" width="3.9370078740157" />
    <line layer="TOP_SILKSCREEN" originx="-767.71653543306" originy="-147.63779527559" endx="-767.71653543306" endy="-147.63779527559" width="3.9370078740157" />
    <line layer="TOP_SILKSCREEN" originx="-767.71653543306" originy="-147.63779527559" endx="-767.71653543306" endy="-118.11023622047" width="3.9370078740157" />
    <line layer="TOP_SILKSCREEN" originx="177.16535433071" originy="-147.63779527559" endx="216.53543307086" endy="-147.63779527559" width="3.9370078740157" />
    <line layer="TOP_SILKSCREEN" originx="216.53543307086" originy="-147.63779527559" endx="216.53543307086" endy="-147.63779527559" width="3.9370078740157" />
    <line layer="TOP_SILKSCREEN" originx="216.53543307086" originy="-147.63779527559" endx="177.16535433071" endy="-147.63779527559" width="3.9370078740157" />
    <line layer="TOP_SILKSCREEN" originx="177.16535433071" originy="-147.63779527559" endx="177.16535433071" endy="-147.63779527559" width="3.9370078740157" />
    <line layer="TOP_SILKSCREEN" originx="688.97637795275" originy="-147.63779527559" endx="767.71653543306" endy="-147.63779527559" width="3.9370078740157" />
    <line layer="TOP_SILKSCREEN" originx="767.71653543306" originy="-147.63779527559" endx="767.71653543306" endy="-147.63779527559" width="3.9370078740157" />
    <line layer="TOP_SILKSCREEN" originx="767.71653543306" originy="-147.63779527559" endx="688.97637795275" endy="-147.63779527559" width="3.9370078740157" />
    <line layer="TOP_SILKSCREEN" originx="688.97637795275" originy="-147.63779527559" endx="688.97637795275" endy="-147.63779527559" width="3.9370078740157" />
    <line layer="TOP_SILKSCREEN" originx="767.71653543306" originy="-147.63779527559" endx="767.71653543306" endy="-147.63779527559" width="3.9370078740157" />
    <line layer="TOP_SILKSCREEN" originx="767.71653543306" originy="-147.63779527559" endx="767.71653543306" endy="-118.11023622047" width="3.9370078740157" />
    <line layer="TOP_SILKSCREEN" originx="767.71653543306" originy="-118.11023622047" endx="767.71653543306" endy="-118.11023622047" width="3.9370078740157" />
    <line layer="TOP_SILKSCREEN" originx="767.71653543306" originy="-118.11023622047" endx="767.71653543306" endy="-147.63779527559" width="3.9370078740157" />
    <line layer="TOP_SILKSCREEN" originx="767.71653543306" originy="118.11023622047" endx="767.71653543306" endy="118.11023622047" width="3.9370078740157" />
    <line layer="TOP_SILKSCREEN" originx="767.71653543306" originy="118.11023622047" endx="767.71653543306" endy="147.63779527559" width="3.9370078740157" />
    <line layer="TOP_SILKSCREEN" originx="767.71653543306" originy="147.63779527559" endx="767.71653543306" endy="147.63779527559" width="3.9370078740157" />
    <line layer="TOP_SILKSCREEN" originx="767.71653543306" originy="147.63779527559" endx="767.71653543306" endy="118.11023622047" width="3.9370078740157" />
    <line layer="TOP_SILKSCREEN" originx="767.71653543306" originy="147.63779527559" endx="688.97637795275" endy="147.63779527559" width="3.9370078740157" />
    <line layer="TOP_SILKSCREEN" originx="688.97637795275" originy="147.63779527559" endx="688.97637795275" endy="147.63779527559" width="3.9370078740157" />
    <line layer="TOP_SILKSCREEN" originx="688.97637795275" originy="147.63779527559" endx="767.71653543306" endy="147.63779527559" width="3.9370078740157" />
    <line layer="TOP_SILKSCREEN" originx="767.71653543306" originy="147.63779527559" endx="767.71653543306" endy="147.63779527559" width="3.9370078740157" />
    <line layer="TOP_SILKSCREEN" originx="-767.71653543306" originy="-147.63779527559" endx="-688.97637795275" endy="-147.63779527559" width="3.9370078740157" />
    <line layer="TOP_SILKSCREEN" originx="-688.97637795275" originy="-147.63779527559" endx="-688.97637795275" endy="-147.63779527559" width="3.9370078740157" />
    <line layer="TOP_SILKSCREEN" originx="-688.97637795275" originy="-147.63779527559" endx="-767.71653543306" endy="-147.63779527559" width="3.9370078740157" />
    <line layer="TOP_SILKSCREEN" originx="-767.71653543306" originy="-147.63779527559" endx="-767.71653543306" endy="-147.63779527559" width="3.9370078740157" />
    <line layer="TOP_SILKSCREEN" originx="-767.71653543306" originy="147.63779527559" endx="-688.97637795275" endy="147.63779527559" width="3.9370078740157" />
    <line layer="TOP_SILKSCREEN" originx="-688.97637795275" originy="147.63779527559" endx="-688.97637795275" endy="147.63779527559" width="3.9370078740157" />
    <line layer="TOP_SILKSCREEN" originx="-688.97637795275" originy="147.63779527559" endx="-767.71653543306" endy="147.63779527559" width="3.9370078740157" />
    <line layer="TOP_SILKSCREEN" originx="-767.71653543306" originy="147.63779527559" endx="-767.71653543306" endy="147.63779527559" width="3.9370078740157" />
    <line layer="TOP_PLACE_BOUND" originx="-866.14173228345" originy="220.47244094488" endx="866.14173228345" endy="220.47244094488" width="3.9370078740157" />
    <line layer="TOP_PLACE_BOUND" originx="866.14173228345" originy="220.47244094488" endx="866.14173228345" endy="-255.90551181102" width="3.9370078740157" />
    <line layer="TOP_PLACE_BOUND" originx="866.14173228345" originy="-255.90551181102" endx="-866.14173228345" endy="-255.90551181102" width="3.9370078740157" />
    <line layer="TOP_PLACE_BOUND" originx="-866.14173228345" originy="-255.90551181102" endx="-866.14173228345" endy="220.47244094488" width="3.9370078740157" />
    <line layer="TOP_SILKSCREEN" originx="649.60629921259" originy="-212.59842519685" endx="649.60629921259" endy="-212.59842519685" width="7.8740157480314" />
    <arc layer="TOP_SILKSCREEN" originx="649.60629921259" originy="-214.56692913386" startangle="90.0" sweepangle="180.0" radius="1.9685039370078" width="7.8740157480314" />
    <line layer="TOP_SILKSCREEN" originx="649.60629921259" originy="-216.53543307086" endx="649.60629921259" endy="-216.53543307086" width="7.8740157480314" />
    <arc layer="TOP_SILKSCREEN" originx="649.60629921259" originy="-214.56692913386" startangle="-90.0" sweepangle="180.0" radius="1.9685039370078" width="7.8740157480314" />
    <line layer="TOP_SILKSCREEN" originx="649.60629921259" originy="-212.59842519685" endx="649.60629921259" endy="-212.59842519685" width="7.8740157480314" />
    <arc layer="TOP_SILKSCREEN" originx="649.60629921259" originy="-214.56692913386" startangle="90.0" sweepangle="180.0" radius="1.9685039370078" width="7.8740157480314" />
  </footprint>
  <symbol name="4-2337939-6" originx="0" originy="0">
    <line originx="200" originy="400" endx="3500" endy="400" width="0" />
    <line originx="3500" originy="-400" endx="3500" endy="400" width="0" />
    <line originx="3500" originy="-400" endx="200" endy="-400" width="0" />
    <line originx="200" originy="400" endx="200" endy="-400" width="0" />
    <sympin number="1" originx="3400" originy="-400" rotation="270" length="100" width="7.8740157480315" flipped="False">
      <text name="pinname" originx="3400" originy="-370" style="Default" rotation="0" justify="left" flipped="False" hidden="False" data="A1" />
      <text name="pindes" originx="3380" originy="-460" style="Default" rotation="0" justify="lowerright" flipped="False" hidden="False" data="A1" />
    </sympin>
    <sympin number="2" originx="3300" originy="-400" rotation="270" length="100" width="7.8740157480315" flipped="False">
      <text name="pinname" originx="3300" originy="-370" style="Default" rotation="0" justify="left" flipped="False" hidden="False" data="A2" />
      <text name="pindes" originx="3280" originy="-460" style="Default" rotation="0" justify="lowerright" flipped="False" hidden="False" data="A2" />
    </sympin>
    <sympin number="3" originx="3200" originy="-400" rotation="270" length="100" width="7.8740157480315" flipped="False">
      <text name="pinname" originx="3200" originy="-370" style="Default" rotation="0" justify="left" flipped="False" hidden="False" data="A3" />
      <text name="pindes" originx="3180" originy="-460" style="Default" rotation="0" justify="lowerright" flipped="False" hidden="False" data="A3" />
    </sympin>
    <sympin number="4" originx="3100" originy="-400" rotation="270" length="100" width="7.8740157480315" flipped="False">
      <text name="pinname" originx="3100" originy="-370" style="Default" rotation="0" justify="left" flipped="False" hidden="False" data="A4" />
      <text name="pindes" originx="3080" originy="-460" style="Default" rotation="0" justify="lowerright" flipped="False" hidden="False" data="A4" />
    </sympin>
    <sympin number="5" originx="3000" originy="-400" rotation="270" length="100" width="7.8740157480315" flipped="False">
      <text name="pinname" originx="3000" originy="-370" style="Default" rotation="0" justify="left" flipped="False" hidden="False" data="A5" />
      <text name="pindes" originx="2980" originy="-460" style="Default" rotation="0" justify="lowerright" flipped="False" hidden="False" data="A5" />
    </sympin>
    <sympin number="6" originx="2900" originy="-400" rotation="270" length="100" width="7.8740157480315" flipped="False">
      <text name="pinname" originx="2900" originy="-370" style="Default" rotation="0" justify="left" flipped="False" hidden="False" data="A6" />
      <text name="pindes" originx="2880" originy="-460" style="Default" rotation="0" justify="lowerright" flipped="False" hidden="False" data="A6" />
    </sympin>
    <sympin number="7" originx="2800" originy="-400" rotation="270" length="100" width="7.8740157480315" flipped="False">
      <text name="pinname" originx="2800" originy="-370" style="Default" rotation="0" justify="left" flipped="False" hidden="False" data="A7" />
      <text name="pindes" originx="2780" originy="-460" style="Default" rotation="0" justify="lowerright" flipped="False" hidden="False" data="A7" />
    </sympin>
    <sympin number="8" originx="2700" originy="-400" rotation="270" length="100" width="7.8740157480315" flipped="False">
      <text name="pinname" originx="2700" originy="-370" style="Default" rotation="0" justify="left" flipped="False" hidden="False" data="A8" />
      <text name="pindes" originx="2680" originy="-460" style="Default" rotation="0" justify="lowerright" flipped="False" hidden="False" data="A8" />
    </sympin>
    <sympin number="9" originx="2600" originy="-400" rotation="270" length="100" width="7.8740157480315" flipped="False">
      <text name="pinname" originx="2600" originy="-370" style="Default" rotation="0" justify="left" flipped="False" hidden="False" data="A9" />
      <text name="pindes" originx="2580" originy="-460" style="Default" rotation="0" justify="lowerright" flipped="False" hidden="False" data="A9" />
    </sympin>
    <sympin number="10" originx="2500" originy="-400" rotation="270" length="100" width="7.8740157480315" flipped="False">
      <text name="pinname" originx="2500" originy="-370" style="Default" rotation="0" justify="left" flipped="False" hidden="False" data="A10" />
      <text name="pindes" originx="2480" originy="-460" style="Default" rotation="0" justify="lowerright" flipped="False" hidden="False" data="A10" />
    </sympin>
    <sympin number="11" originx="2400" originy="-400" rotation="270" length="100" width="7.8740157480315" flipped="False">
      <text name="pinname" originx="2400" originy="-370" style="Default" rotation="0" justify="left" flipped="False" hidden="False" data="A11" />
      <text name="pindes" originx="2380" originy="-460" style="Default" rotation="0" justify="lowerright" flipped="False" hidden="False" data="A11" />
    </sympin>
    <sympin number="12" originx="2300" originy="-400" rotation="270" length="100" width="7.8740157480315" flipped="False">
      <text name="pinname" originx="2300" originy="-370" style="Default" rotation="0" justify="left" flipped="False" hidden="False" data="A12" />
      <text name="pindes" originx="2280" originy="-460" style="Default" rotation="0" justify="lowerright" flipped="False" hidden="False" data="A12" />
    </sympin>
    <sympin number="13" originx="2200" originy="-400" rotation="270" length="100" width="7.8740157480315" flipped="False">
      <text name="pinname" originx="2200" originy="-370" style="Default" rotation="0" justify="left" flipped="False" hidden="False" data="A13" />
      <text name="pindes" originx="2180" originy="-460" style="Default" rotation="0" justify="lowerright" flipped="False" hidden="False" data="A13" />
    </sympin>
    <sympin number="14" originx="2100" originy="-400" rotation="270" length="100" width="7.8740157480315" flipped="False">
      <text name="pinname" originx="2100" originy="-370" style="Default" rotation="0" justify="left" flipped="False" hidden="False" data="A14" />
      <text name="pindes" originx="2080" originy="-460" style="Default" rotation="0" justify="lowerright" flipped="False" hidden="False" data="A14" />
    </sympin>
    <sympin number="15" originx="2000" originy="-400" rotation="270" length="100" width="7.8740157480315" flipped="False">
      <text name="pinname" originx="2000" originy="-370" style="Default" rotation="0" justify="left" flipped="False" hidden="False" data="A15" />
      <text name="pindes" originx="1980" originy="-460" style="Default" rotation="0" justify="lowerright" flipped="False" hidden="False" data="A15" />
    </sympin>
    <sympin number="16" originx="1900" originy="-400" rotation="270" length="100" width="7.8740157480315" flipped="False">
      <text name="pinname" originx="1900" originy="-370" style="Default" rotation="0" justify="left" flipped="False" hidden="False" data="A16" />
      <text name="pindes" originx="1880" originy="-460" style="Default" rotation="0" justify="lowerright" flipped="False" hidden="False" data="A16" />
    </sympin>
    <sympin number="17" originx="1800" originy="-400" rotation="270" length="100" width="7.8740157480315" flipped="False">
      <text name="pinname" originx="1800" originy="-370" style="Default" rotation="0" justify="left" flipped="False" hidden="False" data="A17" />
      <text name="pindes" originx="1780" originy="-460" style="Default" rotation="0" justify="lowerright" flipped="False" hidden="False" data="A17" />
    </sympin>
    <sympin number="18" originx="1700" originy="-400" rotation="270" length="100" width="7.8740157480315" flipped="False">
      <text name="pinname" originx="1700" originy="-370" style="Default" rotation="0" justify="left" flipped="False" hidden="False" data="A18" />
      <text name="pindes" originx="1680" originy="-460" style="Default" rotation="0" justify="lowerright" flipped="False" hidden="False" data="A18" />
    </sympin>
    <sympin number="19" originx="1600" originy="-400" rotation="270" length="100" width="7.8740157480315" flipped="False">
      <text name="pinname" originx="1600" originy="-370" style="Default" rotation="0" justify="left" flipped="False" hidden="False" data="A19" />
      <text name="pindes" originx="1580" originy="-460" style="Default" rotation="0" justify="lowerright" flipped="False" hidden="False" data="A19" />
    </sympin>
    <sympin number="20" originx="1500" originy="-400" rotation="270" length="100" width="7.8740157480315" flipped="False">
      <text name="pinname" originx="1500" originy="-370" style="Default" rotation="0" justify="left" flipped="False" hidden="False" data="A20" />
      <text name="pindes" originx="1480" originy="-460" style="Default" rotation="0" justify="lowerright" flipped="False" hidden="False" data="A20" />
    </sympin>
    <sympin number="21" originx="1400" originy="-400" rotation="270" length="100" width="7.8740157480315" flipped="False">
      <text name="pinname" originx="1400" originy="-370" style="Default" rotation="0" justify="left" flipped="False" hidden="False" data="A21" />
      <text name="pindes" originx="1380" originy="-460" style="Default" rotation="0" justify="lowerright" flipped="False" hidden="False" data="A21" />
    </sympin>
    <sympin number="22" originx="1300" originy="-400" rotation="270" length="100" width="7.8740157480315" flipped="False">
      <text name="pinname" originx="1300" originy="-370" style="Default" rotation="0" justify="left" flipped="False" hidden="False" data="A22" />
      <text name="pindes" originx="1280" originy="-460" style="Default" rotation="0" justify="lowerright" flipped="False" hidden="False" data="A22" />
    </sympin>
    <sympin number="23" originx="1200" originy="-400" rotation="270" length="100" width="7.8740157480315" flipped="False">
      <text name="pinname" originx="1200" originy="-370" style="Default" rotation="0" justify="left" flipped="False" hidden="False" data="A23" />
      <text name="pindes" originx="1180" originy="-460" style="Default" rotation="0" justify="lowerright" flipped="False" hidden="False" data="A23" />
    </sympin>
    <sympin number="24" originx="1100" originy="-400" rotation="270" length="100" width="7.8740157480315" flipped="False">
      <text name="pinname" originx="1100" originy="-370" style="Default" rotation="0" justify="left" flipped="False" hidden="False" data="A24" />
      <text name="pindes" originx="1080" originy="-460" style="Default" rotation="0" justify="lowerright" flipped="False" hidden="False" data="A24" />
    </sympin>
    <sympin number="25" originx="1000" originy="-400" rotation="270" length="100" width="7.8740157480315" flipped="False">
      <text name="pinname" originx="1000" originy="-370" style="Default" rotation="0" justify="left" flipped="False" hidden="False" data="A25" />
      <text name="pindes" originx="980" originy="-460" style="Default" rotation="0" justify="lowerright" flipped="False" hidden="False" data="A25" />
    </sympin>
    <sympin number="26" originx="900" originy="-400" rotation="270" length="100" width="7.8740157480315" flipped="False">
      <text name="pinname" originx="900" originy="-370" style="Default" rotation="0" justify="left" flipped="False" hidden="False" data="A26" />
      <text name="pindes" originx="880" originy="-460" style="Default" rotation="0" justify="lowerright" flipped="False" hidden="False" data="A26" />
    </sympin>
    <sympin number="27" originx="800" originy="-400" rotation="270" length="100" width="7.8740157480315" flipped="False">
      <text name="pinname" originx="800" originy="-370" style="Default" rotation="0" justify="left" flipped="False" hidden="False" data="A27" />
      <text name="pindes" originx="780" originy="-460" style="Default" rotation="0" justify="lowerright" flipped="False" hidden="False" data="A27" />
    </sympin>
    <sympin number="28" originx="700" originy="-400" rotation="270" length="100" width="7.8740157480315" flipped="False">
      <text name="pinname" originx="700" originy="-370" style="Default" rotation="0" justify="left" flipped="False" hidden="False" data="A28" />
      <text name="pindes" originx="680" originy="-460" style="Default" rotation="0" justify="lowerright" flipped="False" hidden="False" data="A28" />
    </sympin>
    <sympin number="29" originx="600" originy="-400" rotation="270" length="100" width="7.8740157480315" flipped="False">
      <text name="pinname" originx="600" originy="-370" style="Default" rotation="0" justify="left" flipped="False" hidden="False" data="A29" />
      <text name="pindes" originx="580" originy="-460" style="Default" rotation="0" justify="lowerright" flipped="False" hidden="False" data="A29" />
    </sympin>
    <sympin number="30" originx="500" originy="-400" rotation="270" length="100" width="7.8740157480315" flipped="False">
      <text name="pinname" originx="500" originy="-370" style="Default" rotation="0" justify="left" flipped="False" hidden="False" data="A30" />
      <text name="pindes" originx="480" originy="-460" style="Default" rotation="0" justify="lowerright" flipped="False" hidden="False" data="A30" />
    </sympin>
    <sympin number="31" originx="400" originy="-400" rotation="270" length="100" width="7.8740157480315" flipped="False">
      <text name="pinname" originx="400" originy="-370" style="Default" rotation="0" justify="left" flipped="False" hidden="False" data="A31" />
      <text name="pindes" originx="380" originy="-460" style="Default" rotation="0" justify="lowerright" flipped="False" hidden="False" data="A31" />
    </sympin>
    <sympin number="32" originx="300" originy="-400" rotation="270" length="100" width="7.8740157480315" flipped="False">
      <text name="pinname" originx="300" originy="-370" style="Default" rotation="0" justify="left" flipped="False" hidden="False" data="A32" />
      <text name="pindes" originx="280" originy="-460" style="Default" rotation="0" justify="lowerright" flipped="False" hidden="False" data="A32" />
    </sympin>
    <sympin number="33" originx="3400" originy="400" rotation="90" length="100" width="7.8740157480315" flipped="False">
      <text name="pinname" originx="3400" originy="370" style="Default" rotation="0" justify="right" flipped="False" hidden="False" data="B1" />
      <text name="pindes" originx="3380" originy="460" style="Default" rotation="0" justify="lowerleft" flipped="False" hidden="False" data="B1" />
    </sympin>
    <sympin number="34" originx="3300" originy="400" rotation="90" length="100" width="7.8740157480315" flipped="False">
      <text name="pinname" originx="3300" originy="370" style="Default" rotation="0" justify="right" flipped="False" hidden="False" data="B2" />
      <text name="pindes" originx="3280" originy="460" style="Default" rotation="0" justify="lowerleft" flipped="False" hidden="False" data="B2" />
    </sympin>
    <sympin number="35" originx="3200" originy="400" rotation="90" length="100" width="7.8740157480315" flipped="False">
      <text name="pinname" originx="3200" originy="370" style="Default" rotation="0" justify="right" flipped="False" hidden="False" data="B3" />
      <text name="pindes" originx="3180" originy="460" style="Default" rotation="0" justify="lowerleft" flipped="False" hidden="False" data="B3" />
    </sympin>
    <sympin number="36" originx="3100" originy="400" rotation="90" length="100" width="7.8740157480315" flipped="False">
      <text name="pinname" originx="3100" originy="370" style="Default" rotation="0" justify="right" flipped="False" hidden="False" data="B4" />
      <text name="pindes" originx="3080" originy="460" style="Default" rotation="0" justify="lowerleft" flipped="False" hidden="False" data="B4" />
    </sympin>
    <sympin number="37" originx="3000" originy="400" rotation="90" length="100" width="7.8740157480315" flipped="False">
      <text name="pinname" originx="3000" originy="370" style="Default" rotation="0" justify="right" flipped="False" hidden="False" data="B5" />
      <text name="pindes" originx="2980" originy="460" style="Default" rotation="0" justify="lowerleft" flipped="False" hidden="False" data="B5" />
    </sympin>
    <sympin number="38" originx="2900" originy="400" rotation="90" length="100" width="7.8740157480315" flipped="False">
      <text name="pinname" originx="2900" originy="370" style="Default" rotation="0" justify="right" flipped="False" hidden="False" data="B6" />
      <text name="pindes" originx="2880" originy="460" style="Default" rotation="0" justify="lowerleft" flipped="False" hidden="False" data="B6" />
    </sympin>
    <sympin number="39" originx="2800" originy="400" rotation="90" length="100" width="7.8740157480315" flipped="False">
      <text name="pinname" originx="2800" originy="370" style="Default" rotation="0" justify="right" flipped="False" hidden="False" data="B7" />
      <text name="pindes" originx="2780" originy="460" style="Default" rotation="0" justify="lowerleft" flipped="False" hidden="False" data="B7" />
    </sympin>
    <sympin number="40" originx="2700" originy="400" rotation="90" length="100" width="7.8740157480315" flipped="False">
      <text name="pinname" originx="2700" originy="370" style="Default" rotation="0" justify="right" flipped="False" hidden="False" data="B8" />
      <text name="pindes" originx="2680" originy="460" style="Default" rotation="0" justify="lowerleft" flipped="False" hidden="False" data="B8" />
    </sympin>
    <sympin number="41" originx="2600" originy="400" rotation="90" length="100" width="7.8740157480315" flipped="False">
      <text name="pinname" originx="2600" originy="370" style="Default" rotation="0" justify="right" flipped="False" hidden="False" data="B9" />
      <text name="pindes" originx="2580" originy="460" style="Default" rotation="0" justify="lowerleft" flipped="False" hidden="False" data="B9" />
    </sympin>
    <sympin number="42" originx="2500" originy="400" rotation="90" length="100" width="7.8740157480315" flipped="False">
      <text name="pinname" originx="2500" originy="370" style="Default" rotation="0" justify="right" flipped="False" hidden="False" data="B10" />
      <text name="pindes" originx="2480" originy="460" style="Default" rotation="0" justify="lowerleft" flipped="False" hidden="False" data="B10" />
    </sympin>
    <sympin number="43" originx="2400" originy="400" rotation="90" length="100" width="7.8740157480315" flipped="False">
      <text name="pinname" originx="2400" originy="370" style="Default" rotation="0" justify="right" flipped="False" hidden="False" data="B11" />
      <text name="pindes" originx="2380" originy="460" style="Default" rotation="0" justify="lowerleft" flipped="False" hidden="False" data="B11" />
    </sympin>
    <sympin number="44" originx="2300" originy="400" rotation="90" length="100" width="7.8740157480315" flipped="False">
      <text name="pinname" originx="2300" originy="370" style="Default" rotation="0" justify="right" flipped="False" hidden="False" data="B12" />
      <text name="pindes" originx="2280" originy="460" style="Default" rotation="0" justify="lowerleft" flipped="False" hidden="False" data="B12" />
    </sympin>
    <sympin number="45" originx="2200" originy="400" rotation="90" length="100" width="7.8740157480315" flipped="False">
      <text name="pinname" originx="2200" originy="370" style="Default" rotation="0" justify="right" flipped="False" hidden="False" data="B13" />
      <text name="pindes" originx="2180" originy="460" style="Default" rotation="0" justify="lowerleft" flipped="False" hidden="False" data="B13" />
    </sympin>
    <sympin number="46" originx="2100" originy="400" rotation="90" length="100" width="7.8740157480315" flipped="False">
      <text name="pinname" originx="2100" originy="370" style="Default" rotation="0" justify="right" flipped="False" hidden="False" data="B14" />
      <text name="pindes" originx="2080" originy="460" style="Default" rotation="0" justify="lowerleft" flipped="False" hidden="False" data="B14" />
    </sympin>
    <sympin number="47" originx="2000" originy="400" rotation="90" length="100" width="7.8740157480315" flipped="False">
      <text name="pinname" originx="2000" originy="370" style="Default" rotation="0" justify="right" flipped="False" hidden="False" data="B15" />
      <text name="pindes" originx="1980" originy="460" style="Default" rotation="0" justify="lowerleft" flipped="False" hidden="False" data="B15" />
    </sympin>
    <sympin number="48" originx="1900" originy="400" rotation="90" length="100" width="7.8740157480315" flipped="False">
      <text name="pinname" originx="1900" originy="370" style="Default" rotation="0" justify="right" flipped="False" hidden="False" data="B16" />
      <text name="pindes" originx="1880" originy="460" style="Default" rotation="0" justify="lowerleft" flipped="False" hidden="False" data="B16" />
    </sympin>
    <sympin number="49" originx="1800" originy="400" rotation="90" length="100" width="7.8740157480315" flipped="False">
      <text name="pinname" originx="1800" originy="370" style="Default" rotation="0" justify="right" flipped="False" hidden="False" data="B17" />
      <text name="pindes" originx="1780" originy="460" style="Default" rotation="0" justify="lowerleft" flipped="False" hidden="False" data="B17" />
    </sympin>
    <sympin number="50" originx="1700" originy="400" rotation="90" length="100" width="7.8740157480315" flipped="False">
      <text name="pinname" originx="1700" originy="370" style="Default" rotation="0" justify="right" flipped="False" hidden="False" data="B18" />
      <text name="pindes" originx="1680" originy="460" style="Default" rotation="0" justify="lowerleft" flipped="False" hidden="False" data="B18" />
    </sympin>
    <sympin number="51" originx="1600" originy="400" rotation="90" length="100" width="7.8740157480315" flipped="False">
      <text name="pinname" originx="1600" originy="370" style="Default" rotation="0" justify="right" flipped="False" hidden="False" data="B19" />
      <text name="pindes" originx="1580" originy="460" style="Default" rotation="0" justify="lowerleft" flipped="False" hidden="False" data="B19" />
    </sympin>
    <sympin number="52" originx="1500" originy="400" rotation="90" length="100" width="7.8740157480315" flipped="False">
      <text name="pinname" originx="1500" originy="370" style="Default" rotation="0" justify="right" flipped="False" hidden="False" data="B20" />
      <text name="pindes" originx="1480" originy="460" style="Default" rotation="0" justify="lowerleft" flipped="False" hidden="False" data="B20" />
    </sympin>
    <sympin number="53" originx="1400" originy="400" rotation="90" length="100" width="7.8740157480315" flipped="False">
      <text name="pinname" originx="1400" originy="370" style="Default" rotation="0" justify="right" flipped="False" hidden="False" data="B21" />
      <text name="pindes" originx="1380" originy="460" style="Default" rotation="0" justify="lowerleft" flipped="False" hidden="False" data="B21" />
    </sympin>
    <sympin number="54" originx="1300" originy="400" rotation="90" length="100" width="7.8740157480315" flipped="False">
      <text name="pinname" originx="1300" originy="370" style="Default" rotation="0" justify="right" flipped="False" hidden="False" data="B22" />
      <text name="pindes" originx="1280" originy="460" style="Default" rotation="0" justify="lowerleft" flipped="False" hidden="False" data="B22" />
    </sympin>
    <sympin number="55" originx="1200" originy="400" rotation="90" length="100" width="7.8740157480315" flipped="False">
      <text name="pinname" originx="1200" originy="370" style="Default" rotation="0" justify="right" flipped="False" hidden="False" data="B23" />
      <text name="pindes" originx="1180" originy="460" style="Default" rotation="0" justify="lowerleft" flipped="False" hidden="False" data="B23" />
    </sympin>
    <sympin number="56" originx="1100" originy="400" rotation="90" length="100" width="7.8740157480315" flipped="False">
      <text name="pinname" originx="1100" originy="370" style="Default" rotation="0" justify="right" flipped="False" hidden="False" data="B24" />
      <text name="pindes" originx="1080" originy="460" style="Default" rotation="0" justify="lowerleft" flipped="False" hidden="False" data="B24" />
    </sympin>
    <sympin number="57" originx="1000" originy="400" rotation="90" length="100" width="7.8740157480315" flipped="False">
      <text name="pinname" originx="1000" originy="370" style="Default" rotation="0" justify="right" flipped="False" hidden="False" data="B25" />
      <text name="pindes" originx="980" originy="460" style="Default" rotation="0" justify="lowerleft" flipped="False" hidden="False" data="B25" />
    </sympin>
    <sympin number="58" originx="900" originy="400" rotation="90" length="100" width="7.8740157480315" flipped="False">
      <text name="pinname" originx="900" originy="370" style="Default" rotation="0" justify="right" flipped="False" hidden="False" data="B26" />
      <text name="pindes" originx="880" originy="460" style="Default" rotation="0" justify="lowerleft" flipped="False" hidden="False" data="B26" />
    </sympin>
    <sympin number="59" originx="800" originy="400" rotation="90" length="100" width="7.8740157480315" flipped="False">
      <text name="pinname" originx="800" originy="370" style="Default" rotation="0" justify="right" flipped="False" hidden="False" data="B27" />
      <text name="pindes" originx="780" originy="460" style="Default" rotation="0" justify="lowerleft" flipped="False" hidden="False" data="B27" />
    </sympin>
    <sympin number="60" originx="700" originy="400" rotation="90" length="100" width="7.8740157480315" flipped="False">
      <text name="pinname" originx="700" originy="370" style="Default" rotation="0" justify="right" flipped="False" hidden="False" data="B28" />
      <text name="pindes" originx="680" originy="460" style="Default" rotation="0" justify="lowerleft" flipped="False" hidden="False" data="B28" />
    </sympin>
    <sympin number="61" originx="600" originy="400" rotation="90" length="100" width="7.8740157480315" flipped="False">
      <text name="pinname" originx="600" originy="370" style="Default" rotation="0" justify="right" flipped="False" hidden="False" data="B29" />
      <text name="pindes" originx="580" originy="460" style="Default" rotation="0" justify="lowerleft" flipped="False" hidden="False" data="B29" />
    </sympin>
    <sympin number="62" originx="500" originy="400" rotation="90" length="100" width="7.8740157480315" flipped="False">
      <text name="pinname" originx="500" originy="370" style="Default" rotation="0" justify="right" flipped="False" hidden="False" data="B30" />
      <text name="pindes" originx="480" originy="460" style="Default" rotation="0" justify="lowerleft" flipped="False" hidden="False" data="B30" />
    </sympin>
    <sympin number="63" originx="400" originy="400" rotation="90" length="100" width="7.8740157480315" flipped="False">
      <text name="pinname" originx="400" originy="370" style="Default" rotation="0" justify="right" flipped="False" hidden="False" data="B31" />
      <text name="pindes" originx="380" originy="460" style="Default" rotation="0" justify="lowerleft" flipped="False" hidden="False" data="B31" />
    </sympin>
    <sympin number="64" originx="300" originy="400" rotation="90" length="100" width="7.8740157480315" flipped="False">
      <text name="pinname" originx="300" originy="370" style="Default" rotation="0" justify="right" flipped="False" hidden="False" data="B32" />
      <text name="pindes" originx="280" originy="460" style="Default" rotation="0" justify="lowerleft" flipped="False" hidden="False" data="B32" />
    </sympin>
    <sympin number="65" originx="3500" originy="0" rotation="0" length="100" width="7.8740157480315" flipped="False">
      <text name="pinname" originx="3470" originy="0" style="Default" rotation="0" justify="right" flipped="False" hidden="False" data="MP1" />
      <text name="pindes" originx="3560" originy="20" style="Default" rotation="0" justify="lowerleft" flipped="False" hidden="False" data="MP1" />
    </sympin>
    <sympin number="66" originx="200" originy="0" rotation="180" length="100" width="7.8740157480315" flipped="False">
      <text name="pinname" originx="230" originy="0" style="Default" rotation="0" justify="left" flipped="False" hidden="False" data="MP2" />
      <text name="pindes" originx="140" originy="20" style="Default" rotation="0" justify="lowerright" flipped="False" hidden="False" data="MP2" />
    </sympin>
  </symbol>
  <component name="4-2337939-6" designatorprefix="J" height="442.91338582677" footprint="423379396">
    <comppin designator="A1" sympin="1" pinswap="0" gateswap="0" gate="1" group="1" side="" type="Any" name="A1" />
    <comppin designator="A2" sympin="2" pinswap="0" gateswap="0" gate="1" group="1" side="" type="Any" name="A2" />
    <comppin designator="A3" sympin="3" pinswap="0" gateswap="0" gate="1" group="1" side="" type="Any" name="A3" />
    <comppin designator="A4" sympin="4" pinswap="0" gateswap="0" gate="1" group="1" side="" type="Any" name="A4" />
    <comppin designator="A5" sympin="5" pinswap="0" gateswap="0" gate="1" group="1" side="" type="Any" name="A5" />
    <comppin designator="A6" sympin="6" pinswap="0" gateswap="0" gate="1" group="1" side="" type="Any" name="A6" />
    <comppin designator="A7" sympin="7" pinswap="0" gateswap="0" gate="1" group="1" side="" type="Any" name="A7" />
    <comppin designator="A8" sympin="8" pinswap="0" gateswap="0" gate="1" group="1" side="" type="Any" name="A8" />
    <comppin designator="A9" sympin="9" pinswap="0" gateswap="0" gate="1" group="1" side="" type="Any" name="A9" />
    <comppin designator="A10" sympin="10" pinswap="0" gateswap="0" gate="1" group="1" side="" type="Any" name="A10" />
    <comppin designator="A11" sympin="11" pinswap="0" gateswap="0" gate="1" group="1" side="" type="Any" name="A11" />
    <comppin designator="A12" sympin="12" pinswap="0" gateswap="0" gate="1" group="1" side="" type="Any" name="A12" />
    <comppin designator="A13" sympin="13" pinswap="0" gateswap="0" gate="1" group="1" side="" type="Any" name="A13" />
    <comppin designator="A14" sympin="14" pinswap="0" gateswap="0" gate="1" group="1" side="" type="Any" name="A14" />
    <comppin designator="A15" sympin="15" pinswap="0" gateswap="0" gate="1" group="1" side="" type="Any" name="A15" />
    <comppin designator="A16" sympin="16" pinswap="0" gateswap="0" gate="1" group="1" side="" type="Any" name="A16" />
    <comppin designator="A17" sympin="17" pinswap="0" gateswap="0" gate="1" group="1" side="" type="Any" name="A17" />
    <comppin designator="A18" sympin="18" pinswap="0" gateswap="0" gate="1" group="1" side="" type="Any" name="A18" />
    <comppin designator="A19" sympin="19" pinswap="0" gateswap="0" gate="1" group="1" side="" type="Any" name="A19" />
    <comppin designator="A20" sympin="20" pinswap="0" gateswap="0" gate="1" group="1" side="" type="Any" name="A20" />
    <comppin designator="A21" sympin="21" pinswap="0" gateswap="0" gate="1" group="1" side="" type="Any" name="A21" />
    <comppin designator="A22" sympin="22" pinswap="0" gateswap="0" gate="1" group="1" side="" type="Any" name="A22" />
    <comppin designator="A23" sympin="23" pinswap="0" gateswap="0" gate="1" group="1" side="" type="Any" name="A23" />
    <comppin designator="A24" sympin="24" pinswap="0" gateswap="0" gate="1" group="1" side="" type="Any" name="A24" />
    <comppin designator="A25" sympin="25" pinswap="0" gateswap="0" gate="1" group="1" side="" type="Any" name="A25" />
    <comppin designator="A26" sympin="26" pinswap="0" gateswap="0" gate="1" group="1" side="" type="Any" name="A26" />
    <comppin designator="A27" sympin="27" pinswap="0" gateswap="0" gate="1" group="1" side="" type="Any" name="A27" />
    <comppin designator="A28" sympin="28" pinswap="0" gateswap="0" gate="1" group="1" side="" type="Any" name="A28" />
    <comppin designator="A29" sympin="29" pinswap="0" gateswap="0" gate="1" group="1" side="" type="Any" name="A29" />
    <comppin designator="A30" sympin="30" pinswap="0" gateswap="0" gate="1" group="1" side="" type="Any" name="A30" />
    <comppin designator="A31" sympin="31" pinswap="0" gateswap="0" gate="1" group="1" side="" type="Any" name="A31" />
    <comppin designator="A32" sympin="32" pinswap="0" gateswap="0" gate="1" group="1" side="" type="Any" name="A32" />
    <comppin designator="B1" sympin="33" pinswap="0" gateswap="0" gate="1" group="1" side="" type="Any" name="B1" />
    <comppin designator="B2" sympin="34" pinswap="0" gateswap="0" gate="1" group="1" side="" type="Any" name="B2" />
    <comppin designator="B3" sympin="35" pinswap="0" gateswap="0" gate="1" group="1" side="" type="Any" name="B3" />
    <comppin designator="B4" sympin="36" pinswap="0" gateswap="0" gate="1" group="1" side="" type="Any" name="B4" />
    <comppin designator="B5" sympin="37" pinswap="0" gateswap="0" gate="1" group="1" side="" type="Any" name="B5" />
    <comppin designator="B6" sympin="38" pinswap="0" gateswap="0" gate="1" group="1" side="" type="Any" name="B6" />
    <comppin designator="B7" sympin="39" pinswap="0" gateswap="0" gate="1" group="1" side="" type="Any" name="B7" />
    <comppin designator="B8" sympin="40" pinswap="0" gateswap="0" gate="1" group="1" side="" type="Any" name="B8" />
    <comppin designator="B9" sympin="41" pinswap="0" gateswap="0" gate="1" group="1" side="" type="Any" name="B9" />
    <comppin designator="B10" sympin="42" pinswap="0" gateswap="0" gate="1" group="1" side="" type="Any" name="B10" />
    <comppin designator="B11" sympin="43" pinswap="0" gateswap="0" gate="1" group="1" side="" type="Any" name="B11" />
    <comppin designator="B12" sympin="44" pinswap="0" gateswap="0" gate="1" group="1" side="" type="Any" name="B12" />
    <comppin designator="B13" sympin="45" pinswap="0" gateswap="0" gate="1" group="1" side="" type="Any" name="B13" />
    <comppin designator="B14" sympin="46" pinswap="0" gateswap="0" gate="1" group="1" side="" type="Any" name="B14" />
    <comppin designator="B15" sympin="47" pinswap="0" gateswap="0" gate="1" group="1" side="" type="Any" name="B15" />
    <comppin designator="B16" sympin="48" pinswap="0" gateswap="0" gate="1" group="1" side="" type="Any" name="B16" />
    <comppin designator="B17" sympin="49" pinswap="0" gateswap="0" gate="1" group="1" side="" type="Any" name="B17" />
    <comppin designator="B18" sympin="50" pinswap="0" gateswap="0" gate="1" group="1" side="" type="Any" name="B18" />
    <comppin designator="B19" sympin="51" pinswap="0" gateswap="0" gate="1" group="1" side="" type="Any" name="B19" />
    <comppin designator="B20" sympin="52" pinswap="0" gateswap="0" gate="1" group="1" side="" type="Any" name="B20" />
    <comppin designator="B21" sympin="53" pinswap="0" gateswap="0" gate="1" group="1" side="" type="Any" name="B21" />
    <comppin designator="B22" sympin="54" pinswap="0" gateswap="0" gate="1" group="1" side="" type="Any" name="B22" />
    <comppin designator="B23" sympin="55" pinswap="0" gateswap="0" gate="1" group="1" side="" type="Any" name="B23" />
    <comppin designator="B24" sympin="56" pinswap="0" gateswap="0" gate="1" group="1" side="" type="Any" name="B24" />
    <comppin designator="B25" sympin="57" pinswap="0" gateswap="0" gate="1" group="1" side="" type="Any" name="B25" />
    <comppin designator="B26" sympin="58" pinswap="0" gateswap="0" gate="1" group="1" side="" type="Any" name="B26" />
    <comppin designator="B27" sympin="59" pinswap="0" gateswap="0" gate="1" group="1" side="" type="Any" name="B27" />
    <comppin designator="B28" sympin="60" pinswap="0" gateswap="0" gate="1" group="1" side="" type="Any" name="B28" />
    <comppin designator="B29" sympin="61" pinswap="0" gateswap="0" gate="1" group="1" side="" type="Any" name="B29" />
    <comppin designator="B30" sympin="62" pinswap="0" gateswap="0" gate="1" group="1" side="" type="Any" name="B30" />
    <comppin designator="B31" sympin="63" pinswap="0" gateswap="0" gate="1" group="1" side="" type="Any" name="B31" />
    <comppin designator="B32" sympin="64" pinswap="0" gateswap="0" gate="1" group="1" side="" type="Any" name="B32" />
    <comppin designator="MP1" sympin="65" pinswap="0" gateswap="0" gate="1" group="1" side="" type="Any" name="MP1" />
    <comppin designator="MP2" sympin="66" pinswap="0" gateswap="0" gate="1" group="1" side="" type="Any" name="MP2" />
    <attached_symbol gate="1" name="4-2337939-6" />
    <pinmap designator="A1" footprintpin="1" />
    <pinmap designator="A2" footprintpin="2" />
    <pinmap designator="A3" footprintpin="3" />
    <pinmap designator="A4" footprintpin="4" />
    <pinmap designator="A5" footprintpin="5" />
    <pinmap designator="A6" footprintpin="6" />
    <pinmap designator="A7" footprintpin="7" />
    <pinmap designator="A8" footprintpin="8" />
    <pinmap designator="A9" footprintpin="9" />
    <pinmap designator="A10" footprintpin="10" />
    <pinmap designator="A11" footprintpin="11" />
    <pinmap designator="A12" footprintpin="12" />
    <pinmap designator="A13" footprintpin="13" />
    <pinmap designator="A14" footprintpin="14" />
    <pinmap designator="A15" footprintpin="15" />
    <pinmap designator="A16" footprintpin="16" />
    <pinmap designator="A17" footprintpin="17" />
    <pinmap designator="A18" footprintpin="18" />
    <pinmap designator="A19" footprintpin="19" />
    <pinmap designator="A20" footprintpin="20" />
    <pinmap designator="A21" footprintpin="21" />
    <pinmap designator="A22" footprintpin="22" />
    <pinmap designator="A23" footprintpin="23" />
    <pinmap designator="A24" footprintpin="24" />
    <pinmap designator="A25" footprintpin="25" />
    <pinmap designator="A26" footprintpin="26" />
    <pinmap designator="A27" footprintpin="27" />
    <pinmap designator="A28" footprintpin="28" />
    <pinmap designator="A29" footprintpin="29" />
    <pinmap designator="A30" footprintpin="30" />
    <pinmap designator="A31" footprintpin="31" />
    <pinmap designator="A32" footprintpin="32" />
    <pinmap designator="B1" footprintpin="33" />
    <pinmap designator="B2" footprintpin="34" />
    <pinmap designator="B3" footprintpin="35" />
    <pinmap designator="B4" footprintpin="36" />
    <pinmap designator="B5" footprintpin="37" />
    <pinmap designator="B6" footprintpin="38" />
    <pinmap designator="B7" footprintpin="39" />
    <pinmap designator="B8" footprintpin="40" />
    <pinmap designator="B9" footprintpin="41" />
    <pinmap designator="B10" footprintpin="42" />
    <pinmap designator="B11" footprintpin="43" />
    <pinmap designator="B12" footprintpin="44" />
    <pinmap designator="B13" footprintpin="45" />
    <pinmap designator="B14" footprintpin="46" />
    <pinmap designator="B15" footprintpin="47" />
    <pinmap designator="B16" footprintpin="48" />
    <pinmap designator="B17" footprintpin="49" />
    <pinmap designator="B18" footprintpin="50" />
    <pinmap designator="B19" footprintpin="51" />
    <pinmap designator="B20" footprintpin="52" />
    <pinmap designator="B21" footprintpin="53" />
    <pinmap designator="B22" footprintpin="54" />
    <pinmap designator="B23" footprintpin="55" />
    <pinmap designator="B24" footprintpin="56" />
    <pinmap designator="B25" footprintpin="57" />
    <pinmap designator="B26" footprintpin="58" />
    <pinmap designator="B27" footprintpin="59" />
    <pinmap designator="B28" footprintpin="60" />
    <pinmap designator="B29" footprintpin="61" />
    <pinmap designator="B30" footprintpin="62" />
    <pinmap designator="B31" footprintpin="63" />
    <pinmap designator="B32" footprintpin="64" />
    <pinmap designator="MP1" footprintpin="65" />
    <pinmap designator="MP2" footprintpin="66" />
    <text name="Datasheet" originx="0" originy="0" style="Default" rotation="0" justify="" flipped="False" hidden="True" data="https://www.te.com/commerce/DocumentDelivery/DDEController?Action=srchrtrv&amp;DocNm=2337939&amp;DocType=Customer Drawing&amp;DocLang=English&amp;PartCntxt=4-2337939-6&amp;DocFormat=pdf" />
    <text name="Description" originx="0" originy="0" style="Default" rotation="0" justify="" flipped="False" hidden="True" data="PCIE GEN4 CON,SMT,64POS,15u&quot;,MYLAR,ST" />
    <text name="Avnet Part Number" originx="0" originy="0" style="Default" rotation="0" justify="" flipped="False" hidden="True" data="" />
    <text name="Avnet Price/Stock" originx="0" originy="0" style="Default" rotation="0" justify="" flipped="False" hidden="True" data="" />
    <text name="Manufacturer_Name" originx="0" originy="0" style="Default" rotation="0" justify="" flipped="False" hidden="True" data="TE Connectivity" />
    <text name="Manufacturer_Part_Number" originx="3550" originy="500" style="Default" rotation="0" justify="left" flipped="False" hidden="False" data="4-2337939-6" />
  </component>
</quadcept_library>
